{
  "global_threshold": 0.2806728780269623,
  "optimal_threshold": 0.3416276276111603,
  "fold_thresholds": [
    0.2806728780269623,
    0.17386522889137268,
    0.691568911075592,
    0.27728408575057983,
    0.3803796172142029
  ],
  "best_auc": 0.9367371092143666,
  "n_tab": 89,
  "pw_floor": 1.5,
  "pw_cap": 2.5,
  "sens_target": 0.85,
  "seed": 42
}